filename,dissonance_score,hp_interference,hp_harmonicity,hp_consonance,timbre,type,interval_or_chord,root
sine_interval_unison_C3.wav,0.0,0.0,0.0,0.475,sine,interval,unison,C3
sine_interval_minor_second_C3.wav,0.130059,0.962057,7e-06,-0.83705,sine,interval,minor_second,C3
sine_interval_major_second_C3.wav,0.176766,0.907166,0.5,-0.157166,sine,interval,major_second,C3
sine_interval_minor_third_C3.wav,0.1765,0.632346,0.5,0.217654,sine,interval,minor_third,C3
sine_interval_major_third_C3.wav,0.153323,0.386336,0.5,0.488664,sine,interval,major_third,C3
sine_interval_perfect_fourth_C3.wav,0.122106,0.218284,0.5,0.681716,sine,interval,perfect_fourth,C3
sine_interval_tritone_C3.wav,0.091209,0.116844,0.5,0.533156,sine,interval,tritone,C3
sine_interval_perfect_fifth_C3.wav,0.064655,0.060034,0.5,0.864966,sine,interval,perfect_fifth,C3
sine_interval_minor_sixth_C3.wav,0.043779,0.029844,0.5,0.745156,sine,interval,minor_sixth,C3
sine_interval_major_sixth_C3.wav,0.028423,0.014431,0.5,0.810569,sine,interval,major_sixth,C3
sine_interval_minor_seventh_C3.wav,0.017731,0.006813,0.5,0.718187,sine,interval,minor_seventh,C3
sine_interval_major_seventh_C3.wav,0.01064,0.003149,0.5,0.671851,sine,interval,major_seventh,C3
sine_interval_octave_C3.wav,0.006143,0.001428,0.5,0.948572,sine,interval,octave,C3
sine_interval_unison_E3.wav,0.0,0.0,0.0,0.475,sine,interval,unison,E3
sine_interval_minor_second_E3.wav,0.145502,0.97948,7e-06,-0.854472,sine,interval,minor_second,E3
sine_interval_major_second_E3.wav,0.180729,0.866208,0.5,-0.116208,sine,interval,major_second,E3
sine_interval_minor_third_E3.wav,0.164338,0.565603,0.5,0.284397,sine,interval,minor_third,E3
sine_interval_major_third_E3.wav,0.129542,0.323325,0.5,0.551675,sine,interval,major_third,E3
sine_interval_perfect_fourth_E3.wav,0.093276,0.170736,0.5,0.729264,sine,interval,perfect_fourth,E3
sine_interval_tritone_E3.wav,0.06276,0.085322,0.5,0.564678,sine,interval,tritone,E3
sine_interval_perfect_fifth_E3.wav,0.03992,0.040884,0.5,0.884116,sine,interval,perfect_fifth,E3
sine_interval_minor_sixth_E3.wav,0.024157,0.018935,0.5,0.756065,sine,interval,minor_sixth,E3
sine_interval_major_sixth_E3.wav,0.013956,0.008521,0.5,0.816479,sine,interval,major_sixth,E3
sine_interval_minor_seventh_E3.wav,0.007712,0.003741,0.5,0.721259,sine,interval,minor_seventh,E3
sine_interval_major_seventh_E3.wav,0.004079,0.001606,0.5,0.673394,sine,interval,major_seventh,E3
sine_interval_octave_E3.wav,0.002064,0.000676,0.5,0.949324,sine,interval,octave,E3
sine_interval_unison_G3.wav,0.0,0.0,0.0,0.475,sine,interval,unison,G3
sine_interval_minor_second_G3.wav,0.156053,0.98933,7e-06,-0.864323,sine,interval,minor_second,G3
sine_interval_major_second_G3.wav,0.179415,0.830892,0.5,-0.080892,sine,interval,major_second,G3
sine_interval_minor_third_G3.wav,0.150592,0.514745,0.5,0.335255,sine,interval,minor_third,G3
sine_interval_major_third_G3.wav,0.109272,0.278915,0.5,0.596085,sine,interval,major_third,G3
sine_interval_perfect_fourth_G3.wav,0.072223,0.139481,0.5,0.760519,sine,interval,perfect_fourth,G3
sine_interval_tritone_G3.wav,0.044478,0.065952,0.5,0.584048,sine,interval,tritone,G3
sine_interval_perfect_fifth_G3.wav,0.025815,0.029876,0.5,0.895124,sine,interval,perfect_fifth,G3
sine_interval_minor_sixth_G3.wav,0.014208,0.01307,0.5,0.76193,sine,interval,minor_sixth,G3
sine_interval_major_sixth_G3.wav,0.007439,0.005552,0.5,0.819448,sine,interval,major_sixth,G3
sine_interval_minor_seventh_G3.wav,0.003711,0.002298,0.5,0.722702,sine,interval,minor_seventh,G3
sine_interval_major_seventh_G3.wav,0.001764,0.00093,0.5,0.67407,sine,interval,major_seventh,G3
sine_interval_octave_G3.wav,0.000799,0.000369,0.5,0.949631,sine,interval,octave,G3
sine_interval_unison_C4.wav,0.0,0.0,0.0,0.475,sine,interval,unison,C4
sine_interval_minor_second_C4.wav,0.170298,0.998817,7e-06,-0.87381,sine,interval,minor_second,C4
sine_interval_major_second_C4.wav,0.168828,0.764113,0.5,-0.014113,sine,interval,major_second,C4
sine_interval_minor_third_C4.wav,0.121635,0.430446,0.5,0.419554,sine,interval,minor_third,C4
sine_interval_major_third_C4.wav,0.075413,0.211727,0.5,0.663273,sine,interval,major_third,C4
sine_interval_perfect_fourth_C4.wav,0.04239,0.095959,0.5,0.804041,sine,interval,perfect_fourth,C4
sine_interval_tritone_C4.wav,0.022091,0.041056,0.5,0.608944,sine,interval,tritone,C4
sine_interval_perfect_fifth_C4.wav,0.010791,0.016803,0.5,0.908197,sine,interval,perfect_fifth,C4
sine_interval_minor_sixth_C4.wav,0.004969,0.006631,0.5,0.768369,sine,interval,minor_sixth,C4
sine_interval_major_sixth_C4.wav,0.002162,0.002537,0.5,0.822463,sine,interval,major_sixth,C4
sine_interval_minor_seventh_C4.wav,0.000889,0.000945,0.5,0.724055,sine,interval,minor_seventh,C4
sine_interval_major_seventh_C4.wav,0.000345,0.000344,0.5,0.674656,sine,interval,major_seventh,C4
sine_interval_octave_C4.wav,0.000126,0.000122,0.5,0.949878,sine,interval,octave,C4
sine_interval_unison_E4.wav,0.0,0.0,0.0,0.475,sine,interval,unison,E4
sine_interval_minor_second_E4.wav,0.177623,0.999489,7e-06,-0.874481,sine,interval,minor_second,E4
sine_interval_major_second_E4.wav,0.153737,0.704598,0.5,0.045402,sine,interval,major_second,E4
sine_interval_minor_third_E4.wav,0.096377,0.365201,0.5,0.484799,sine,interval,minor_third,E4
sine_interval_major_third_E4.wav,0.051816,0.165036,0.5,0.709964,sine,interval,major_third,E4
sine_interval_perfect_fourth_E4.wav,0.025165,0.06862,0.5,0.83138,sine,interval,perfect_fourth,E4
sine_interval_tritone_E4.wav,0.011284,0.026897,0.5,0.623103,sine,interval,tritone,E4
sine_interval_perfect_fifth_E4.wav,0.00472,0.010071,0.5,0.914929,sine,interval,perfect_fifth,E4
sine_interval_minor_sixth_E4.wav,0.001851,0.003632,0.5,0.771368,sine,interval,minor_sixth,E4
sine_interval_major_sixth_E4.wav,0.000681,0.001268,0.5,0.823732,sine,interval,major_sixth,E4
sine_interval_minor_seventh_E4.wav,0.000235,0.00043,0.5,0.72457,sine,interval,minor_seventh,E4
sine_interval_major_seventh_E4.wav,7.6e-05,0.000142,0.5,0.674858,sine,interval,major_seventh,E4
sine_interval_octave_E4.wav,2.3e-05,4.6e-05,0.5,0.949954,sine,interval,octave,E4
sine_interval_unison_G4.wav,0.0,0.0,0.0,0.475,sine,interval,unison,G4
sine_interval_minor_second_G4.wav,0.180333,0.9956,7e-06,-0.870593,sine,interval,minor_second,G4
sine_interval_major_second_G4.wav,0.139664,0.657155,0.5,0.092845,sine,interval,major_second,G4
sine_interval_minor_third_G4.wav,0.078171,0.318527,0.5,0.531473,sine,interval,minor_third,G4
sine_interval_major_third_G4.wav,0.037437,0.13445,0.5,0.74055,sine,interval,major_third,G4
sine_interval_perfect_fourth_G4.wav,0.016152,0.052155,0.5,0.847845,sine,interval,perfect_fourth,G4
sine_interval_tritone_G4.wav,0.006414,0.019051,0.5,0.630949,sine,interval,tritone,G4
sine_interval_perfect_fifth_G4.wav,0.002367,0.006641,0.5,0.918359,sine,interval,perfect_fifth,G4
sine_interval_minor_sixth_G4.wav,0.000814,0.002227,0.5,0.772773,sine,interval,minor_sixth,G4
sine_interval_major_sixth_G4.wav,0.000262,0.000722,0.5,0.824278,sine,interval,major_sixth,G4
sine_interval_minor_seventh_G4.wav,7.8e-05,0.000228,0.5,0.724772,sine,interval,minor_seventh,G4
sine_interval_major_seventh_G4.wav,2.2e-05,7e-05,0.5,0.67493,sine,interval,major_seventh,G4
sine_interval_octave_G4.wav,6e-06,2.1e-05,0.5,0.949979,sine,interval,octave,G4
sawtooth_interval_unison_C3.wav,0.033898,0.013015,0.456323,0.918308,sawtooth,interval,unison,C3
sawtooth_interval_minor_second_C3.wav,0.250471,0.114686,0.456323,0.466638,sawtooth,interval,minor_second,C3
sawtooth_interval_major_second_C3.wav,0.291956,0.100068,0.513618,0.66355,sawtooth,interval,major_second,C3
sawtooth_interval_minor_third_C3.wav,0.276222,0.075126,0.508407,0.783281,sawtooth,interval,minor_third,C3
sawtooth_interval_major_third_C3.wav,0.245932,0.061694,0.513514,0.826821,sawtooth,interval,major_third,C3
sawtooth_interval_perfect_fourth_C3.wav,0.207051,0.049038,0.526353,0.877316,sawtooth,interval,perfect_fourth,C3
sawtooth_interval_tritone_C3.wav,0.196001,0.059026,0.728162,0.819136,sawtooth,interval,tritone,C3
sawtooth_interval_perfect_fifth_C3.wav,0.13796,0.030089,0.561057,0.955967,sawtooth,interval,perfect_fifth,C3
sawtooth_interval_minor_sixth_C3.wav,0.165949,0.055872,0.527488,0.746616,sawtooth,interval,minor_sixth,C3
sawtooth_interval_major_sixth_C3.wav,0.15402,0.047135,0.517061,0.794926,sawtooth,interval,major_sixth,C3
sawtooth_interval_minor_seventh_C3.wav,0.162771,0.059201,0.500003,0.665802,sawtooth,interval,minor_seventh,C3
sawtooth_interval_major_seventh_C3.wav,0.15151,0.066048,0.500003,0.608956,sawtooth,interval,major_seventh,C3
sawtooth_interval_octave_C3.wav,0.026374,0.009078,0.714222,1.155144,sawtooth,interval,octave,C3
sawtooth_interval_unison_E3.wav,0.015595,0.009248,0.456323,0.922075,sawtooth,interval,unison,E3
sawtooth_interval_minor_second_E3.wav,0.249176,0.110649,0.456323,0.470675,sawtooth,interval,minor_second,E3
sawtooth_interval_major_second_E3.wav,0.26926,0.090331,0.513618,0.673287,sawtooth,interval,major_second,E3
sawtooth_interval_minor_third_E3.wav,0.235724,0.065466,0.508407,0.792941,sawtooth,interval,minor_third,E3
sawtooth_interval_major_third_E3.wav,0.19553,0.053481,0.513514,0.835033,sawtooth,interval,major_third,E3
sawtooth_interval_perfect_fourth_E3.wav,0.152096,0.041148,0.526353,0.885205,sawtooth,interval,perfect_fourth,E3
sawtooth_interval_tritone_E3.wav,0.144211,0.052591,0.728162,0.825572,sawtooth,interval,tritone,E3
sawtooth_interval_perfect_fifth_E3.wav,0.088763,0.024235,0.561057,0.961822,sawtooth,interval,perfect_fifth,E3
sawtooth_interval_minor_sixth_E3.wav,0.122045,0.0502,0.527488,0.752288,sawtooth,interval,minor_sixth,E3
sawtooth_interval_major_sixth_E3.wav,0.11363,0.040398,0.517061,0.801663,sawtooth,interval,major_sixth,E3
sawtooth_interval_minor_seventh_E3.wav,0.131475,0.052283,0.500003,0.67272,sawtooth,interval,minor_seventh,E3
sawtooth_interval_major_seventh_E3.wav,0.137268,0.062324,0.500003,0.61268,sawtooth,interval,major_seventh,E3
sawtooth_interval_octave_E3.wav,0.012185,0.006364,0.714222,1.157858,sawtooth,interval,octave,E3
sawtooth_interval_unison_G3.wav,0.008624,0.007031,0.456323,0.924293,sawtooth,interval,unison,G3
sawtooth_interval_minor_second_G3.wav,0.252263,0.107768,0.456323,0.473556,sawtooth,interval,minor_second,G3
sawtooth_interval_major_second_G3.wav,0.253273,0.083244,0.513618,0.680374,sawtooth,interval,major_second,G3
sawtooth_interval_minor_third_G3.wav,0.206946,0.058815,0.508407,0.799591,sawtooth,interval,minor_third,G3
sawtooth_interval_major_third_G3.wav,0.16177,0.048064,0.513514,0.840451,sawtooth,interval,major_third,G3
sawtooth_interval_perfect_fourth_G3.wav,0.117691,0.035961,0.526353,0.890393,sawtooth,interval,perfect_fourth,G3
sawtooth_interval_tritone_G3.wav,0.113882,0.04837,0.728162,0.829792,sawtooth,interval,tritone,G3
sawtooth_interval_perfect_fifth_G3.wav,0.061795,0.020569,0.561057,0.965488,sawtooth,interval,perfect_fifth,G3
sawtooth_interval_minor_sixth_G3.wav,0.097734,0.046469,0.527488,0.756019,sawtooth,interval,minor_sixth,G3
sawtooth_interval_major_sixth_G3.wav,0.090518,0.035898,0.517061,0.806163,sawtooth,interval,major_sixth,G3
sawtooth_interval_minor_seventh_G3.wav,0.113082,0.047409,0.500003,0.677594,sawtooth,interval,minor_seventh,G3
sawtooth_interval_major_seventh_G3.wav,0.130893,0.059741,0.500003,0.615263,sawtooth,interval,major_seventh,G3
sawtooth_interval_octave_G3.wav,0.00678,0.00479,0.714222,1.159432,sawtooth,interval,octave,G3
sawtooth_interval_unison_C4.wav,0.003389,0.004289,0.456323,0.927035,sawtooth,interval,unison,C4
sawtooth_interval_minor_second_C4.wav,0.258074,0.103027,0.456323,0.478296,sawtooth,interval,minor_second,C4
sawtooth_interval_major_second_C4.wav,0.224195,0.071845,0.513618,0.691773,sawtooth,interval,major_second,C4
sawtooth_interval_minor_third_C4.wav,0.160816,0.048854,0.508407,0.809553,sawtooth,interval,minor_third,C4
sawtooth_interval_major_third_C4.wav,0.113589,0.04034,0.513514,0.848174,sawtooth,interval,major_third,C4
sawtooth_interval_perfect_fourth_C4.wav,0.073466,0.028567,0.526353,0.897786,sawtooth,interval,perfect_fourth,C4
sawtooth_interval_tritone_C4.wav,0.078139,0.04228,0.728162,0.835882,sawtooth,interval,tritone,C4
sawtooth_interval_perfect_fifth_C4.wav,0.032901,0.015653,0.561057,0.970404,sawtooth,interval,perfect_fifth,C4
sawtooth_interval_minor_sixth_C4.wav,0.070264,0.041061,0.527488,0.761427,sawtooth,interval,minor_sixth,C4
sawtooth_interval_major_sixth_C4.wav,0.062354,0.029385,0.517061,0.812676,sawtooth,interval,major_sixth,C4
sawtooth_interval_minor_seventh_C4.wav,0.088247,0.039842,0.500003,0.685161,sawtooth,interval,minor_seventh,C4
sawtooth_interval_major_seventh_C4.wav,0.123147,0.055671,0.500003,0.619333,sawtooth,interval,major_seventh,C4
sawtooth_interval_octave_C4.wav,0.002705,0.002875,0.714222,1.161346,sawtooth,interval,octave,C4
sawtooth_interval_unison_E4.wav,0.001758,0.002784,0.456323,0.92854,sawtooth,interval,unison,E4
sawtooth_interval_minor_second_E4.wav,0.259734,0.099122,0.456323,0.482201,sawtooth,interval,minor_second,E4
sawtooth_interval_major_second_E4.wav,0.19779,0.06313,0.513618,0.700488,sawtooth,interval,major_second,E4
sawtooth_interval_minor_third_E4.wav,0.126601,0.041881,0.508407,0.816526,sawtooth,interval,minor_third,E4
sawtooth_interval_major_third_E4.wav,0.083187,0.035224,0.513514,0.853291,sawtooth,interval,major_third,E4
sawtooth_interval_perfect_fourth_E4.wav,0.049174,0.023653,0.526353,0.9027,sawtooth,interval,perfect_fourth,E4
sawtooth_interval_tritone_E4.wav,0.060308,0.038078,0.728162,0.840084,sawtooth,interval,tritone,E4
sawtooth_interval_perfect_fifth_E4.wav,0.020459,0.012632,0.561057,0.973425,sawtooth,interval,perfect_fifth,E4
sawtooth_interval_minor_sixth_E4.wav,0.056673,0.037307,0.527488,0.765181,sawtooth,interval,minor_sixth,E4
sawtooth_interval_major_sixth_E4.wav,0.046741,0.025013,0.517061,0.817048,sawtooth,interval,major_sixth,E4
sawtooth_interval_minor_seventh_E4.wav,0.071844,0.034271,0.500003,0.690732,sawtooth,interval,minor_seventh,E4
sawtooth_interval_major_seventh_E4.wav,0.117081,0.052504,0.500003,0.622499,sawtooth,interval,major_seventh,E4
sawtooth_interval_octave_E4.wav,0.001424,0.001843,0.714222,1.162378,sawtooth,interval,octave,E4
sawtooth_interval_unison_G4.wav,0.00114,0.001966,0.456323,0.929357,sawtooth,interval,unison,G4
sawtooth_interval_minor_second_G4.wav,0.258282,0.096046,0.456323,0.485277,sawtooth,interval,minor_second,G4
sawtooth_interval_major_second_G4.wav,0.176756,0.056859,0.513618,0.706759,sawtooth,interval,major_second,G4
sawtooth_interval_minor_third_G4.wav,0.103584,0.037218,0.508407,0.821189,sawtooth,interval,minor_third,G4
sawtooth_interval_major_third_G4.wav,0.06536,0.031935,0.513514,0.85658,sawtooth,interval,major_third,G4
sawtooth_interval_perfect_fourth_G4.wav,0.036433,0.02048,0.526353,0.905874,sawtooth,interval,perfect_fourth,G4
sawtooth_interval_tritone_G4.wav,0.051394,0.035222,0.728162,0.84294,sawtooth,interval,tritone,G4
sawtooth_interval_perfect_fifth_G4.wav,0.015117,0.01081,0.561057,0.975247,sawtooth,interval,perfect_fifth,G4
sawtooth_interval_minor_sixth_G4.wav,0.049654,0.034743,0.527488,0.767745,sawtooth,interval,minor_sixth,G4
sawtooth_interval_major_sixth_G4.wav,0.038035,0.022193,0.517061,0.819868,sawtooth,interval,major_sixth,G4
sawtooth_interval_minor_seventh_G4.wav,0.061197,0.030375,0.500003,0.694629,sawtooth,interval,minor_seventh,G4
sawtooth_interval_major_seventh_G4.wav,0.112117,0.050125,0.500003,0.624878,sawtooth,interval,major_seventh,G4
sawtooth_interval_octave_G4.wav,0.000934,0.001291,0.714222,1.162931,sawtooth,interval,octave,G4
piano_interval_unison_C3.wav,0.015045,0.009804,0.345161,0.810357,piano,interval,unison,C3
piano_interval_minor_second_C3.wav,0.177861,0.126075,0.345161,0.344086,piano,interval,minor_second,C3
piano_interval_major_second_C3.wav,0.223435,0.111449,0.503815,0.642366,piano,interval,major_second,C3
piano_interval_minor_third_C3.wav,0.217576,0.081831,0.501942,0.770111,piano,interval,minor_third,C3
piano_interval_major_third_C3.wav,0.191915,0.062762,0.50379,0.816028,piano,interval,major_third,C3
piano_interval_perfect_fourth_C3.wav,0.159628,0.047563,0.509864,0.8623,piano,interval,perfect_fourth,C3
piano_interval_tritone_C3.wav,0.137287,0.054177,0.672581,0.768403,piano,interval,tritone,C3
piano_interval_perfect_fifth_C3.wav,0.10291,0.028,0.530091,0.927092,piano,interval,perfect_fifth,C3
piano_interval_minor_sixth_C3.wav,0.105066,0.051794,0.510791,0.733997,piano,interval,minor_sixth,C3
piano_interval_major_sixth_C3.wav,0.098383,0.047139,0.50545,0.783312,piano,interval,major_sixth,C3
piano_interval_minor_seventh_C3.wav,0.099697,0.060672,0.500002,0.66433,piano,interval,minor_seventh,C3
piano_interval_major_seventh_C3.wav,0.089904,0.06914,0.500003,0.605863,piano,interval,major_seventh,C3
piano_interval_octave_C3.wav,0.01465,0.007462,0.667332,1.10987,piano,interval,octave,C3
piano_interval_unison_E3.wav,0.006133,0.006884,0.345161,0.813277,piano,interval,unison,E3
piano_interval_minor_second_E3.wav,0.185567,0.123536,0.345161,0.346624,piano,interval,minor_second,E3
piano_interval_major_second_E3.wav,0.215538,0.102109,0.503815,0.651706,piano,interval,major_second,E3
piano_interval_minor_third_E3.wav,0.192025,0.071477,0.501942,0.780465,piano,interval,minor_third,E3
piano_interval_major_third_E3.wav,0.154805,0.053721,0.50379,0.825068,piano,interval,major_third,E3
piano_interval_perfect_fourth_E3.wav,0.117498,0.039405,0.509864,0.870459,piano,interval,perfect_fourth,E3
piano_interval_tritone_E3.wav,0.096244,0.047749,0.672581,0.774832,piano,interval,tritone,E3
piano_interval_perfect_fifth_E3.wav,0.064605,0.022213,0.530091,0.932879,piano,interval,perfect_fifth,E3
piano_interval_minor_sixth_E3.wav,0.071515,0.04611,0.510791,0.739681,piano,interval,minor_sixth,E3
piano_interval_major_sixth_E3.wav,0.06966,0.040371,0.50545,0.79008,piano,interval,major_sixth,E3
piano_interval_minor_seventh_E3.wav,0.079241,0.053988,0.500002,0.671014,piano,interval,minor_seventh,E3
piano_interval_major_seventh_E3.wav,0.081293,0.06604,0.500003,0.608962,piano,interval,major_seventh,E3
piano_interval_octave_E3.wav,0.005988,0.005179,0.667332,1.112153,piano,interval,octave,E3
piano_interval_unison_G3.wav,0.003017,0.005189,0.345161,0.814972,piano,interval,unison,G3
piano_interval_minor_second_G3.wav,0.19314,0.121643,0.345161,0.348518,piano,interval,minor_second,G3
piano_interval_major_second_G3.wav,0.208174,0.095142,0.503815,0.658673,piano,interval,major_second,G3
piano_interval_minor_third_G3.wav,0.17154,0.064203,0.501942,0.787739,piano,interval,minor_third,G3
piano_interval_major_third_G3.wav,0.128063,0.047686,0.50379,0.831104,piano,interval,major_third,G3
piano_interval_perfect_fourth_G3.wav,0.089927,0.034068,0.509864,0.875795,piano,interval,perfect_fourth,G3
piano_interval_tritone_G3.wav,0.071655,0.043601,0.672581,0.77898,piano,interval,tritone,G3
piano_interval_perfect_fifth_G3.wav,0.043327,0.018633,0.530091,0.936459,piano,interval,perfect_fifth,G3
piano_interval_minor_sixth_G3.wav,0.053208,0.042399,0.510791,0.743392,piano,interval,minor_sixth,G3
piano_interval_major_sixth_G3.wav,0.053678,0.035809,0.50545,0.794642,piano,interval,major_sixth,G3
piano_interval_minor_seventh_G3.wav,0.06776,0.04922,0.500002,0.675782,piano,interval,minor_seventh,G3
piano_interval_major_seventh_G3.wav,0.077991,0.063851,0.500003,0.611152,piano,interval,major_seventh,G3
piano_interval_octave_G3.wav,0.002958,0.003871,0.667332,1.113461,piano,interval,octave,G3
piano_interval_unison_C4.wav,0.000958,0.003124,0.345161,0.817036,piano,interval,unison,C4
piano_interval_minor_second_C4.wav,0.204482,0.118279,0.345161,0.351882,piano,interval,minor_second,C4
piano_interval_major_second_C4.wav,0.190318,0.083617,0.503815,0.670198,piano,interval,major_second,C4
piano_interval_minor_third_C4.wav,0.135228,0.053063,0.501942,0.798879,piano,interval,minor_third,C4
piano_interval_major_third_C4.wav,0.087684,0.038986,0.50379,0.839804,piano,interval,major_third,C4
piano_interval_perfect_fourth_C4.wav,0.053487,0.026532,0.509864,0.883332,piano,interval,perfect_fourth,C4
piano_interval_tritone_C4.wav,0.042692,0.037744,0.672581,0.784836,piano,interval,tritone,C4
piano_interval_perfect_fifth_C4.wav,0.020617,0.013908,0.530091,0.941183,piano,interval,perfect_fifth,C4
piano_interval_minor_sixth_C4.wav,0.033379,0.037079,0.510791,0.748712,piano,interval,minor_sixth,C4
piano_interval_major_sixth_C4.wav,0.034926,0.02913,0.50545,0.80132,piano,interval,major_sixth,C4
piano_interval_minor_seventh_C4.wav,0.052763,0.041707,0.500002,0.683295,piano,interval,minor_seventh,C4
piano_interval_major_seventh_C4.wav,0.074442,0.060293,0.500003,0.61471,piano,interval,major_seventh,C4
piano_interval_octave_C4.wav,0.000951,0.002298,0.667332,1.115034,piano,interval,octave,C4
piano_interval_unison_E4.wav,0.000432,0.002009,0.345161,0.818152,piano,interval,unison,E4
piano_interval_minor_second_E4.wav,0.209912,0.115228,0.345161,0.354933,piano,interval,minor_second,E4
piano_interval_major_second_E4.wav,0.170827,0.074527,0.503815,0.679288,piano,interval,major_second,E4
piano_interval_minor_third_E4.wav,0.106268,0.045076,0.501942,0.806866,piano,interval,minor_third,E4
piano_interval_major_third_E4.wav,0.061185,0.033175,0.50379,0.845615,piano,interval,major_third,E4
piano_interval_perfect_fourth_E4.wav,0.033281,0.021594,0.509864,0.888269,piano,interval,perfect_fourth,E4
piano_interval_tritone_E4.wav,0.028769,0.033811,0.672581,0.78877,piano,interval,tritone,E4
piano_interval_perfect_fifth_E4.wav,0.011109,0.011065,0.530091,0.944026,piano,interval,perfect_fifth,E4
piano_interval_minor_sixth_E4.wav,0.024333,0.033444,0.510791,0.752347,piano,interval,minor_sixth,E4
piano_interval_major_sixth_E4.wav,0.024922,0.024581,0.50545,0.80587,piano,interval,major_sixth,E4
piano_interval_minor_seventh_E4.wav,0.042927,0.036082,0.500002,0.68892,piano,interval,minor_seventh,E4
piano_interval_major_seventh_E4.wav,0.071484,0.057409,0.500003,0.617593,piano,interval,major_seventh,E4
piano_interval_octave_E4.wav,0.000435,0.001462,0.667332,1.11587,piano,interval,octave,E4
piano_interval_unison_G4.wav,0.000261,0.001409,0.345161,0.818752,piano,interval,unison,G4
piano_interval_minor_second_G4.wav,0.21116,0.11265,0.345161,0.357511,piano,interval,minor_second,G4
piano_interval_major_second_G4.wav,0.154019,0.067833,0.503815,0.685982,piano,interval,major_second,G4
piano_interval_minor_third_G4.wav,0.086107,0.039644,0.501942,0.812298,piano,interval,minor_third,G4
piano_interval_major_third_G4.wav,0.045409,0.029434,0.50379,0.849356,piano,interval,major_third,G4
piano_interval_perfect_fourth_G4.wav,0.022793,0.018451,0.509864,0.891413,piano,interval,perfect_fourth,G4
piano_interval_tritone_G4.wav,0.022255,0.031193,0.672581,0.791388,piano,interval,tritone,G4
piano_interval_perfect_fifth_G4.wav,0.007207,0.009383,0.530091,0.945709,piano,interval,perfect_fifth,G4
piano_interval_minor_sixth_G4.wav,0.020039,0.030998,0.510791,0.754793,piano,interval,minor_sixth,G4
piano_interval_major_sixth_G4.wav,0.019452,0.021611,0.50545,0.80884,piano,interval,major_sixth,G4
piano_interval_minor_seventh_G4.wav,0.036483,0.032099,0.500002,0.692903,piano,interval,minor_seventh,G4
piano_interval_major_seventh_G4.wav,0.068831,0.055172,0.500003,0.61983,piano,interval,major_seventh,G4
piano_interval_octave_G4.wav,0.000266,0.001018,0.667332,1.116314,piano,interval,octave,G4
sine_chord_major_triad_C3.wav,0.382316,0.337325,0.333338,0.471014,sine,chord,major_triad,C3
sine_chord_minor_triad_C3.wav,0.377101,0.343697,0.333338,0.439641,sine,chord,minor_triad,C3
sine_chord_diminished_triad_C3.wav,0.435797,0.443881,0.666667,0.497786,sine,chord,diminished_triad,C3
sine_chord_augmented_triad_C3.wav,0.326644,0.246502,0.666667,0.620165,sine,chord,augmented_triad,C3
sine_chord_major_7th_C3.wav,0.542147,0.222487,0.500004,0.602517,sine,chord,major_7th,C3
sine_chord_minor_7th_C3.wav,0.59093,0.266302,0.500004,0.608701,sine,chord,minor_7th,C3
sine_chord_dominant_7th_C3.wav,0.6134,0.269809,0.500004,0.630195,sine,chord,dominant_7th,C3
sine_chord_diminished_7th_C3.wav,0.689308,0.328396,0.75,0.646604,sine,chord,diminished_7th,C3
sine_chord_major_triad_E3.wav,0.314753,0.287327,0.333338,0.521011,sine,chord,major_triad,E3
sine_chord_minor_triad_E3.wav,0.313529,0.295134,0.333338,0.488204,sine,chord,minor_triad,E3
sine_chord_diminished_triad_E3.wav,0.377691,0.388557,0.666667,0.55311,sine,chord,diminished_triad,E3
sine_chord_augmented_triad_E3.wav,0.256055,0.202338,0.666667,0.664329,sine,chord,augmented_triad,E3
sine_chord_major_7th_E3.wav,0.422772,0.185796,0.500004,0.639208,sine,chord,major_7th,E3
sine_chord_minor_7th_E3.wav,0.474878,0.227694,0.500004,0.64731,sine,chord,minor_7th,E3
sine_chord_dominant_7th_E3.wav,0.489448,0.228855,0.500004,0.671149,sine,chord,dominant_7th,E3
sine_chord_diminished_7th_E3.wav,0.569984,0.284015,0.75,0.690985,sine,chord,diminished_7th,E3
sine_chord_major_triad_G3.wav,0.262908,0.251978,0.333338,0.55636,sine,chord,major_triad,G3
sine_chord_minor_triad_G3.wav,0.265043,0.260704,0.333338,0.522634,sine,chord,minor_triad,G3
sine_chord_diminished_triad_G3.wav,0.32893,0.348214,0.666667,0.593452,sine,chord,diminished_triad,G3
sine_chord_augmented_triad_G3.wav,0.205417,0.172134,0.666667,0.694533,sine,chord,augmented_triad,G3
sine_chord_major_7th_G3.wav,0.340758,0.160562,0.500004,0.664441,sine,chord,major_7th,G3
sine_chord_minor_7th_G3.wav,0.3934,0.200534,0.500004,0.67447,sine,chord,minor_7th,G3
sine_chord_dominant_7th_G3.wav,0.401363,0.200175,0.500004,0.699829,sine,chord,dominant_7th,G3
sine_chord_diminished_7th_G3.wav,0.481503,0.252342,0.75,0.722658,sine,chord,diminished_7th,G3
sine_chord_major_triad_C4.wav,0.182581,0.19791,0.333338,0.610428,sine,chord,major_triad,C4
sine_chord_minor_triad_C4.wav,0.189704,0.207778,0.333338,0.575561,sine,chord,minor_triad,C4
sine_chord_diminished_triad_C4.wav,0.246398,0.284245,0.666667,0.657421,sine,chord,diminished_triad,C4
sine_chord_augmented_triad_C4.wav,0.132197,0.127798,0.666667,0.738869,sine,chord,augmented_triad,C4
sine_chord_major_7th_C4.wav,0.225084,0.123099,0.500004,0.701904,sine,chord,major_7th,C4
sine_chord_minor_7th_C4.wav,0.274629,0.15905,0.500004,0.715953,sine,chord,minor_7th,C4
sine_chord_dominant_7th_C4.wav,0.272925,0.156683,0.500004,0.74332,sine,chord,dominant_7th,C4
sine_chord_diminished_7th_C4.wav,0.346116,0.203185,0.75,0.771815,sine,chord,diminished_7th,C4
sine_chord_major_triad_E4.wav,0.128984,0.159539,0.333338,0.648799,sine,chord,major_triad,E4
sine_chord_minor_triad_E4.wav,0.138534,0.169907,0.333338,0.613431,sine,chord,minor_triad,E4
sine_chord_diminished_triad_E4.wav,0.185832,0.236875,0.666667,0.704792,sine,chord,diminished_triad,E4
sine_chord_augmented_triad_E4.wav,0.087,0.097927,0.666667,0.768739,sine,chord,augmented_triad,E4
sine_chord_major_7th_E4.wav,0.153958,0.097363,0.500004,0.727641,sine,chord,major_7th,E4
sine_chord_minor_7th_E4.wav,0.197822,0.129525,0.500004,0.745479,sine,chord,minor_7th,E4
sine_chord_dominant_7th_E4.wav,0.191162,0.126049,0.500004,0.773955,sine,chord,dominant_7th,E4
sine_chord_diminished_7th_E4.wav,0.254613,0.167559,0.75,0.807441,sine,chord,diminished_7th,E4
sine_chord_major_triad_G4.wav,0.096489,0.133816,0.333338,0.674523,sine,chord,major_triad,G4
sine_chord_minor_triad_G4.wav,0.106684,0.144299,0.333338,0.63904,sine,chord,minor_triad,G4
sine_chord_diminished_triad_G4.wav,0.146271,0.203996,0.666667,0.737671,sine,chord,diminished_triad,G4
sine_chord_augmented_triad_G4.wav,0.061293,0.078783,0.666667,0.787884,sine,chord,augmented_triad,G4
sine_chord_major_7th_G4.wav,0.112874,0.080524,0.500004,0.74448,sine,chord,major_7th,G4
sine_chord_minor_7th_G4.wav,0.151236,0.109624,0.500004,0.76538,sine,chord,minor_7th,G4
sine_chord_dominant_7th_G4.wav,0.142728,0.105601,0.500004,0.794403,sine,chord,dominant_7th,G4
sine_chord_diminished_7th_G4.wav,0.197523,0.143198,0.75,0.831802,sine,chord,diminished_7th,G4
sawtooth_chord_major_triad_C3.wav,0.605087,0.064445,0.532074,0.942629,sawtooth,chord,major_triad,C3
sawtooth_chord_minor_triad_C3.wav,0.606345,0.065812,0.532074,0.916262,sawtooth,chord,minor_triad,C3
sawtooth_chord_diminished_triad_C3.wav,0.701922,0.083494,0.685173,0.87668,sawtooth,chord,diminished_triad,C3
sawtooth_chord_augmented_triad_C3.wav,0.593262,0.070445,0.825127,0.954683,sawtooth,chord,augmented_triad,C3
sawtooth_chord_major_7th_C3.wav,0.990577,0.066267,0.562979,0.821712,sawtooth,chord,major_7th,C3
sawtooth_chord_minor_7th_C3.wav,1.057853,0.068165,0.565279,0.872114,sawtooth,chord,minor_7th,C3
sawtooth_chord_dominant_7th_C3.wav,1.102055,0.073882,0.550968,0.877086,sawtooth,chord,dominant_7th,C3
sawtooth_chord_diminished_7th_C3.wav,1.209537,0.082271,0.869633,1.012362,sawtooth,chord,diminished_7th,C3
sawtooth_chord_major_triad_E3.wav,0.475136,0.055591,0.532074,0.951482,sawtooth,chord,major_triad,E3
sawtooth_chord_minor_triad_E3.wav,0.47919,0.056957,0.532074,0.925116,sawtooth,chord,minor_triad,E3
sawtooth_chord_diminished_triad_E3.wav,0.579611,0.073714,0.685173,0.88646,sawtooth,chord,diminished_triad,E3
sawtooth_chord_augmented_triad_E3.wav,0.462348,0.062367,0.825127,0.96276,sawtooth,chord,augmented_triad,E3
sawtooth_chord_major_7th_E3.wav,0.781586,0.058574,0.562979,0.829405,sawtooth,chord,major_7th,E3
sawtooth_chord_minor_7th_E3.wav,0.834007,0.059256,0.565279,0.881022,sawtooth,chord,minor_7th,E3
sawtooth_chord_dominant_7th_E3.wav,0.873866,0.064841,0.550968,0.886127,sawtooth,chord,dominant_7th,E3
sawtooth_chord_diminished_7th_E3.wav,0.97738,0.0727,0.869633,1.021934,sawtooth,chord,diminished_7th,E3
sawtooth_chord_major_triad_G3.wav,0.389614,0.049671,0.532074,0.957403,sawtooth,chord,major_triad,G3
sawtooth_chord_minor_triad_G3.wav,0.39634,0.051017,0.532074,0.931056,sawtooth,chord,minor_triad,G3
sawtooth_chord_diminished_triad_G3.wav,0.495697,0.066978,0.685173,0.893195,sawtooth,chord,diminished_triad,G3
sawtooth_chord_augmented_triad_G3.wav,0.37818,0.056985,0.825127,0.968142,sawtooth,chord,augmented_triad,G3
sawtooth_chord_major_7th_G3.wav,0.650828,0.053422,0.562979,0.834557,sawtooth,chord,major_7th,G3
sawtooth_chord_minor_7th_G3.wav,0.690331,0.053197,0.565279,0.887082,sawtooth,chord,minor_7th,G3
sawtooth_chord_dominant_7th_G3.wav,0.725415,0.058657,0.550968,0.892311,sawtooth,chord,dominant_7th,G3
sawtooth_chord_diminished_7th_G3.wav,0.823614,0.066109,0.869633,1.028524,sawtooth,chord,diminished_7th,G3
sawtooth_chord_major_triad_C4.wav,0.271519,0.041099,0.532074,0.965974,sawtooth,chord,major_triad,C4
sawtooth_chord_minor_triad_C4.wav,0.282145,0.042377,0.532074,0.939697,sawtooth,chord,minor_triad,C4
sawtooth_chord_diminished_triad_C4.wav,0.372096,0.056857,0.685173,0.903316,sawtooth,chord,diminished_triad,C4
sawtooth_chord_augmented_triad_C4.wav,0.265504,0.049183,0.825127,0.975944,sawtooth,chord,augmented_triad,C4
sawtooth_chord_major_7th_C4.wav,0.478571,0.04591,0.562979,0.842069,sawtooth,chord,major_7th,C4
sawtooth_chord_minor_7th_C4.wav,0.494845,0.044233,0.565279,0.896046,sawtooth,chord,minor_7th,C4
sawtooth_chord_dominant_7th_C4.wav,0.5217,0.049435,0.550968,0.901533,sawtooth,chord,dominant_7th,C4
sawtooth_chord_diminished_7th_C4.wav,0.607321,0.056208,0.869633,1.038425,sawtooth,chord,diminished_7th,C4
sawtooth_chord_major_triad_E4.wav,0.199327,0.035331,0.532074,0.971743,sawtooth,chord,major_triad,E4
sawtooth_chord_minor_triad_E4.wav,0.211524,0.03652,0.532074,0.945554,sawtooth,chord,minor_triad,E4
sawtooth_chord_diminished_triad_E4.wav,0.289575,0.049712,0.685173,0.910462,sawtooth,chord,diminished_triad,E4
sawtooth_chord_augmented_triad_E4.wav,0.199352,0.043875,0.825127,0.981253,sawtooth,chord,augmented_triad,E4
sawtooth_chord_major_7th_E4.wav,0.376957,0.04077,0.562979,0.847209,sawtooth,chord,major_7th,E4
sawtooth_chord_minor_7th_E4.wav,0.374851,0.038034,0.565279,0.902245,sawtooth,chord,minor_7th,E4
sawtooth_chord_dominant_7th_E4.wav,0.396622,0.042981,0.550968,0.907987,sawtooth,chord,dominant_7th,E4
sawtooth_chord_diminished_7th_E4.wav,0.470013,0.049223,0.869633,1.04541,sawtooth,chord,diminished_7th,E4
sawtooth_chord_major_triad_G4.wav,0.157406,0.031587,0.532074,0.975487,sawtooth,chord,major_triad,G4
sawtooth_chord_minor_triad_G4.wav,0.169661,0.032694,0.532074,0.94938,sawtooth,chord,minor_triad,G4
sawtooth_chord_diminished_triad_G4.wav,0.237857,0.044878,0.685173,0.915295,sawtooth,chord,diminished_triad,G4
sawtooth_chord_augmented_triad_G4.wav,0.162223,0.040364,0.825127,0.984763,sawtooth,chord,augmented_triad,G4
sawtooth_chord_major_7th_G4.wav,0.318474,0.037365,0.562979,0.850614,sawtooth,chord,major_7th,G4
sawtooth_chord_minor_7th_G4.wav,0.30371,0.03392,0.565279,0.906358,sawtooth,chord,minor_7th,G4
sawtooth_chord_dominant_7th_G4.wav,0.322984,0.038645,0.550968,0.912323,sawtooth,chord,dominant_7th,G4
sawtooth_chord_diminished_7th_G4.wav,0.386794,0.044504,0.869633,1.050129,sawtooth,chord,diminished_7th,G4
piano_chord_major_triad_C3.wav,0.480801,0.067045,0.40282,0.810775,piano,chord,major_triad,C3
piano_chord_minor_triad_C3.wav,0.478003,0.068457,0.40282,0.784363,piano,chord,minor_triad,C3
piano_chord_diminished_triad_C3.wav,0.546786,0.087347,0.672045,0.859697,piano,chord,diminished_triad,C3
piano_chord_augmented_triad_C3.wav,0.445897,0.06968,0.78392,0.91424,piano,chord,augmented_triad,C3
piano_chord_major_7th_C3.wav,0.756729,0.068141,0.530732,0.787591,piano,chord,major_7th,C3
piano_chord_minor_7th_C3.wav,0.81516,0.071053,0.531656,0.835603,piano,chord,minor_7th,C3
piano_chord_dominant_7th_C3.wav,0.841486,0.076026,0.520864,0.844838,piano,chord,dominant_7th,C3
piano_chord_diminished_7th_C3.wav,0.921743,0.084838,0.838129,0.978291,piano,chord,diminished_7th,C3
piano_chord_major_triad_E3.wav,0.381427,0.057326,0.40282,0.820494,piano,chord,major_triad,E3
piano_chord_minor_triad_E3.wav,0.382108,0.0588,0.40282,0.79402,piano,chord,minor_triad,E3
piano_chord_diminished_triad_E3.wav,0.457148,0.076744,0.672045,0.8703,piano,chord,diminished_triad,E3
piano_chord_augmented_triad_E3.wav,0.343439,0.060714,0.78392,0.923205,piano,chord,augmented_triad,E3
piano_chord_major_7th_E3.wav,0.592827,0.05982,0.530732,0.795912,piano,chord,major_7th,E3
piano_chord_minor_7th_E3.wav,0.644371,0.061425,0.531656,0.845231,piano,chord,minor_7th,E3
piano_chord_dominant_7th_E3.wav,0.665212,0.066235,0.520864,0.854629,piano,chord,dominant_7th,E3
piano_chord_diminished_7th_E3.wav,0.745359,0.074469,0.838129,0.988659,piano,chord,diminished_7th,E3
piano_chord_major_triad_G3.wav,0.312778,0.05077,0.40282,0.82705,piano,chord,major_triad,G3
piano_chord_minor_triad_G3.wav,0.316604,0.052267,0.40282,0.800553,piano,chord,minor_triad,G3
piano_chord_diminished_triad_G3.wav,0.391818,0.069372,0.672045,0.877672,piano,chord,diminished_triad,G3
piano_chord_augmented_triad_G3.wav,0.275287,0.054721,0.78392,0.929199,piano,chord,augmented_triad,G3
piano_chord_major_7th_G3.wav,0.48714,0.054228,0.530732,0.801504,piano,chord,major_7th,G3
piano_chord_minor_7th_G3.wav,0.531461,0.054834,0.531656,0.851821,piano,chord,minor_7th,G3
piano_chord_dominant_7th_G3.wav,0.547071,0.059507,0.520864,0.861357,piano,chord,dominant_7th,G3
piano_chord_diminished_7th_G3.wav,0.624391,0.067288,0.838129,0.995841,piano,chord,diminished_7th,G3
piano_chord_major_triad_C4.wav,0.214156,0.041199,0.40282,0.836621,piano,chord,major_triad,C4
piano_chord_minor_triad_C4.wav,0.222651,0.042686,0.40282,0.810134,piano,chord,minor_triad,C4
piano_chord_diminished_triad_C4.wav,0.290829,0.058188,0.672045,0.888856,piano,chord,diminished_triad,C4
piano_chord_augmented_triad_C4.wav,0.181845,0.046036,0.78392,0.937883,piano,chord,augmented_triad,C4
piano_chord_major_7th_C4.wav,0.34463,0.046057,0.530732,0.809676,piano,chord,major_7th,C4
piano_chord_minor_7th_C4.wav,0.373945,0.045023,0.531656,0.861632,piano,chord,minor_7th,C4
piano_chord_dominant_7th_C4.wav,0.381298,0.049435,0.520864,0.871428,piano,chord,dominant_7th,C4
piano_chord_diminished_7th_C4.wav,0.449438,0.05644,0.838129,1.006689,piano,chord,diminished_7th,C4
piano_chord_major_triad_E4.wav,0.151945,0.034708,0.40282,0.843112,piano,chord,major_triad,E4
piano_chord_minor_triad_E4.wav,0.162576,0.036142,0.40282,0.816678,piano,chord,minor_triad,E4
piano_chord_diminished_triad_E4.wav,0.220928,0.050223,0.672045,0.896821,piano,chord,diminished_triad,E4
piano_chord_augmented_triad_E4.wav,0.126263,0.040165,0.78392,0.943755,piano,chord,augmented_triad,E4
piano_chord_major_7th_E4.wav,0.259282,0.040464,0.530732,0.815268,piano,chord,major_7th,E4
piano_chord_minor_7th_E4.wav,0.275229,0.038198,0.531656,0.868458,piano,chord,minor_7th,E4
piano_chord_dominant_7th_E4.wav,0.278036,0.042371,0.520864,0.878493,piano,chord,dominant_7th,E4
piano_chord_diminished_7th_E4.wav,0.336005,0.048753,0.838129,1.014376,piano,chord,diminished_7th,E4
piano_chord_major_triad_G4.wav,0.115268,0.030479,0.40282,0.847341,piano,chord,major_triad,G4
piano_chord_minor_triad_G4.wav,0.126323,0.031848,0.40282,0.820972,piano,chord,minor_triad,G4
piano_chord_diminished_triad_G4.wav,0.176398,0.044811,0.672045,0.902234,piano,chord,diminished_triad,G4
piano_chord_augmented_triad_G4.wav,0.095102,0.036325,0.78392,0.947595,piano,chord,augmented_triad,G4
piano_chord_major_7th_G4.wav,0.210052,0.036767,0.530732,0.818965,piano,chord,major_7th,G4
piano_chord_minor_7th_G4.wav,0.216107,0.033653,0.531656,0.873003,piano,chord,minor_7th,G4
piano_chord_dominant_7th_G4.wav,0.217053,0.037628,0.520864,0.883236,piano,chord,dominant_7th,G4
piano_chord_diminished_7th_G4.wav,0.266634,0.04355,0.838129,1.019578,piano,chord,diminished_7th,G4
sine_chord_major_triad_inv1_C3.wav,0.260718,0.24134,0.333333,0.241994,sine,inversion,major_triad_inv1,C3
sine_chord_major_triad_inv2_C3.wav,0.155075,0.11892,0.333338,0.364418,sine,inversion,major_triad_inv2,C3
sine_chord_minor_triad_inv1_C3.wav,0.225066,0.162653,0.333338,0.320686,sine,inversion,minor_triad_inv1,C3
sine_chord_minor_triad_inv2_C3.wav,0.208066,0.194332,0.333333,0.289001,sine,inversion,minor_triad_inv2,C3
sine_chord_diminished_triad_inv1_C3.wav,0.235185,0.221412,0.333333,0.261921,sine,inversion,diminished_triad_inv1,C3
sine_chord_diminished_triad_inv2_C3.wav,0.181095,0.16963,0.333333,0.313704,sine,inversion,diminished_triad_inv2,C3
sine_chord_augmented_triad_inv1_C3.wav,0.256055,0.202338,0.666667,0.614329,sine,inversion,augmented_triad_inv1,C3
sine_chord_augmented_triad_inv2_C3.wav,0.189478,0.162655,0.666667,0.654012,sine,inversion,augmented_triad_inv2,C3
sine_chord_major_triad_inv1_C4.wav,0.11438,0.140329,0.333333,0.343004,sine,inversion,major_triad_inv1,C4
sine_chord_major_triad_inv2_C4.wav,0.036657,0.048304,0.333338,0.435034,sine,inversion,major_triad_inv2,C4
sine_chord_minor_triad_inv1_C4.wav,0.074351,0.076586,0.333338,0.406753,sine,inversion,minor_triad_inv1,C4
sine_chord_minor_triad_inv2_C4.wav,0.068926,0.100346,0.333333,0.382987,sine,inversion,minor_triad_inv2,C4
sine_chord_diminished_triad_inv1_C4.wav,0.111379,0.134727,0.333333,0.348606,sine,inversion,diminished_triad_inv1,C4
sine_chord_diminished_triad_inv2_C4.wav,0.060108,0.089654,0.333333,0.393679,sine,inversion,diminished_triad_inv2,C4
sine_chord_augmented_triad_inv1_C4.wav,0.087,0.097927,0.666667,0.718739,sine,inversion,augmented_triad_inv1,C4
sine_chord_augmented_triad_inv2_C4.wav,0.054188,0.073009,0.666667,0.743658,sine,inversion,augmented_triad_inv2,C4
sine_chord_major_triad_inv1_G3.wav,0.167055,0.178758,0.333333,0.304575,sine,inversion,major_triad_inv1,G3
sine_chord_major_triad_inv2_G3.wav,0.071672,0.072582,0.333338,0.410756,sine,inversion,major_triad_inv2,G3
sine_chord_minor_triad_inv1_G3.wav,0.125281,0.107496,0.333338,0.375843,sine,inversion,minor_triad_inv1,G3
sine_chord_minor_triad_inv2_G3.wav,0.114252,0.134985,0.333333,0.348348,sine,inversion,minor_triad_inv2,G3
sine_chord_diminished_triad_inv1_G3.wav,0.156352,0.168177,0.333333,0.315156,sine,inversion,diminished_triad_inv1,G3
sine_chord_diminished_triad_inv2_G3.wav,0.098659,0.11925,0.333333,0.364083,sine,inversion,diminished_triad_inv2,G3
sine_chord_augmented_triad_inv1_G3.wav,0.145449,0.136048,0.666667,0.680619,sine,inversion,augmented_triad_inv1,G3
sine_chord_augmented_triad_inv2_G3.wav,0.097112,0.104926,0.666667,0.711741,sine,inversion,augmented_triad_inv2,G3
sawtooth_chord_major_triad_inv1_C3.wav,0.468558,0.062966,0.498948,0.585982,sawtooth,inversion,major_triad_inv1,C3
sawtooth_chord_major_triad_inv2_C3.wav,0.318355,0.046713,0.488448,0.591736,sawtooth,inversion,major_triad_inv2,C3
sawtooth_chord_minor_triad_inv1_C3.wav,0.440094,0.055035,0.488448,0.583413,sawtooth,inversion,minor_triad_inv1,C3
sawtooth_chord_minor_triad_inv2_C3.wav,0.372725,0.054881,0.498948,0.594067,sawtooth,inversion,minor_triad_inv2,C3
sawtooth_chord_diminished_triad_inv1_C3.wav,0.48314,0.066195,0.508297,0.592103,sawtooth,inversion,diminished_triad_inv1,C3
sawtooth_chord_diminished_triad_inv2_C3.wav,0.377657,0.056803,0.508297,0.601495,sawtooth,inversion,diminished_triad_inv2,C3
sawtooth_chord_augmented_triad_inv1_C3.wav,0.462348,0.062367,0.825127,0.91276,sawtooth,inversion,augmented_triad_inv1,C3
sawtooth_chord_augmented_triad_inv2_C3.wav,0.352881,0.055312,0.825127,0.919815,sawtooth,inversion,augmented_triad_inv2,C3
sawtooth_chord_major_triad_inv1_C4.wav,0.21883,0.042219,0.498948,0.60673,sawtooth,inversion,major_triad_inv1,C4
sawtooth_chord_major_triad_inv2_C4.wav,0.118289,0.029713,0.488448,0.608735,sawtooth,inversion,major_triad_inv2,C4
sawtooth_chord_minor_triad_inv1_C4.wav,0.175731,0.034993,0.488448,0.603456,sawtooth,inversion,minor_triad_inv1,C4
sawtooth_chord_minor_triad_inv2_C4.wav,0.157426,0.036442,0.498948,0.612506,sawtooth,inversion,minor_triad_inv2,C4
sawtooth_chord_diminished_triad_inv1_C4.wav,0.238036,0.044763,0.508297,0.613534,sawtooth,inversion,diminished_triad_inv1,C4
sawtooth_chord_diminished_triad_inv2_C4.wav,0.166012,0.038143,0.508297,0.620154,sawtooth,inversion,diminished_triad_inv2,C4
sawtooth_chord_augmented_triad_inv1_C4.wav,0.199352,0.043875,0.825127,0.931253,sawtooth,inversion,augmented_triad_inv1,C4
sawtooth_chord_augmented_triad_inv2_C4.wav,0.15194,0.039274,0.825127,0.935853,sawtooth,inversion,augmented_triad_inv2,C4
sawtooth_chord_major_triad_inv1_G3.wav,0.302773,0.049977,0.498948,0.598971,sawtooth,inversion,major_triad_inv1,G3
sawtooth_chord_major_triad_inv2_G3.wav,0.178385,0.035846,0.488448,0.602602,sawtooth,inversion,major_triad_inv2,G3
sawtooth_chord_minor_triad_inv1_G3.wav,0.261938,0.042307,0.488448,0.596142,sawtooth,inversion,minor_triad_inv1,G3
sawtooth_chord_minor_triad_inv2_G3.wav,0.225424,0.043267,0.498948,0.605681,sawtooth,inversion,minor_triad_inv2,G3
sawtooth_chord_diminished_triad_inv1_G3.wav,0.321942,0.05284,0.508297,0.605457,sawtooth,inversion,diminished_triad_inv1,G3
sawtooth_chord_diminished_triad_inv2_G3.wav,0.233262,0.045059,0.508297,0.613238,sawtooth,inversion,diminished_triad_inv2,G3
sawtooth_chord_augmented_triad_inv1_G3.wav,0.285296,0.050635,0.825127,0.924493,sawtooth,inversion,augmented_triad_inv1,G3
sawtooth_chord_augmented_triad_inv2_G3.wav,0.214011,0.045131,0.825127,0.929996,sawtooth,inversion,augmented_triad_inv2,G3
piano_chord_major_triad_inv1_C3.wav,0.35094,0.063233,0.36685,0.453616,piano,inversion,major_triad_inv1,C3
piano_chord_major_triad_inv2_C3.wav,0.230187,0.045454,0.365551,0.470097,piano,inversion,major_triad_inv2,C3
piano_chord_minor_triad_inv1_C3.wav,0.326947,0.054728,0.365551,0.460823,piano,inversion,minor_triad_inv1,C3
piano_chord_minor_triad_inv2_C3.wav,0.277239,0.054267,0.36685,0.462583,piano,inversion,minor_triad_inv2,C3
piano_chord_diminished_triad_inv1_C3.wav,0.350661,0.067065,0.456172,0.539107,piano,inversion,diminished_triad_inv1,C3
piano_chord_diminished_triad_inv2_C3.wav,0.271681,0.056665,0.456172,0.549506,piano,inversion,diminished_triad_inv2,C3
piano_chord_augmented_triad_inv1_C3.wav,0.343439,0.060714,0.78392,0.873205,piano,inversion,augmented_triad_inv1,C3
piano_chord_augmented_triad_inv2_C3.wav,0.254501,0.052857,0.78392,0.881063,piano,inversion,augmented_triad_inv2,C3
piano_chord_major_triad_inv1_C4.wav,0.153188,0.041027,0.36685,0.475823,piano,inversion,major_triad_inv1,C4
piano_chord_major_triad_inv2_C4.wav,0.068878,0.02723,0.365551,0.48832,piano,inversion,major_triad_inv2,C4
piano_chord_minor_triad_inv1_C4.wav,0.116905,0.033162,0.365551,0.482389,piano,inversion,minor_triad_inv1,C4
piano_chord_minor_triad_inv2_C4.wav,0.100409,0.03441,0.36685,0.482439,piano,inversion,minor_triad_inv2,C4
piano_chord_diminished_triad_inv1_C4.wav,0.164342,0.044281,0.456172,0.561891,piano,inversion,diminished_triad_inv1,C4
piano_chord_diminished_triad_inv2_C4.wav,0.102806,0.036593,0.456172,0.569579,piano,inversion,diminished_triad_inv2,C4
piano_chord_augmented_triad_inv1_C4.wav,0.126263,0.040165,0.78392,0.893755,piano,inversion,augmented_triad_inv1,C4
piano_chord_augmented_triad_inv2_C4.wav,0.086518,0.035143,0.78392,0.898777,piano,inversion,augmented_triad_inv2,C4
piano_chord_major_triad_inv1_G3.wav,0.220958,0.049335,0.36685,0.467515,piano,inversion,major_triad_inv1,G3
piano_chord_major_triad_inv2_G3.wav,0.117053,0.033769,0.365551,0.481782,piano,inversion,major_triad_inv2,G3
piano_chord_minor_triad_inv1_G3.wav,0.186289,0.041031,0.365551,0.47452,piano,inversion,minor_triad_inv1,G3
piano_chord_minor_triad_inv2_G3.wav,0.156543,0.041729,0.36685,0.475121,piano,inversion,minor_triad_inv2,G3
piano_chord_diminished_triad_inv1_G3.wav,0.229288,0.052913,0.456172,0.553259,piano,inversion,diminished_triad_inv1,G3
piano_chord_diminished_triad_inv2_G3.wav,0.156425,0.044043,0.456172,0.562129,piano,inversion,diminished_triad_inv2,G3
piano_chord_augmented_triad_inv1_G3.wav,0.198402,0.047649,0.78392,0.886271,piano,inversion,augmented_triad_inv1,G3
piano_chord_augmented_triad_inv2_G3.wav,0.138594,0.041549,0.78392,0.892371,piano,inversion,augmented_triad_inv2,G3
anchor_silence.wav,0.0,0.0,0.0,0.0,none,anchor,silence,N/A
anchor_white_noise.wav,-1.0,1.0,0.0,-1.0,noise,anchor,white_noise,N/A
anchor_pure_A4.wav,0.0,0.0,1.0,1.15,sine,anchor,pure_tone,A4
